ID,requester_name,requester_email,requester_phone,user_ID,mandal_ID,status,fee_amount,paid_amount,paid_date,payment_mode,payment_reference,payment_verified,payment_verified_by_ID,ledger_entry_ID,remarks,createdAt,createdBy,modifiedAt,modifiedBy
13925497-1333-4f08-8b18-34f05771658c,Dharmesh Nahar,dharmesh.nahar14@gmail.com,+919197239905,ad5aaa97-d734-4895-bdd4-39af79b71b28,27036764-62df-458f-b580-6e512cf5b9c7,payment_done,145.61,145.61,2023-04-19,cash,CASH-4254,false,,,,2024-09-15T18:30:00.000Z,system,2023-07-24T18:30:00.000Z,system
13925498-9f6b-4881-9888-e163c92edb6c,Swati Parekh,swati.parekh67@gmail.com,+917866179751,f0ffef32-634c-4914-a54a-e0059c0850f0,36770777-0a4d-45b0-89d4-6191567a75c5,payment_done,164.15,164.15,2024-07-15,cash,CASH-4402,false,,,,2024-12-05T18:30:00.000Z,system,2024-05-07T18:30:00.000Z,system
13925499-a117-4c6b-9b00-e2b5da20f7be,Bhavesh Zaveri,bhavesh.zaveri1@gmail.com,+917054758244,5750f5b8-286c-4973-bdaf-5f62d593fa0b,3677078a-98cb-4d73-b193-55fc664d5131,submitted,434.09,,,,,false,,,,2024-11-16T18:30:00.000Z,system,2024-05-20T18:30:00.000Z,system
13925500-d56d-4cb2-a70b-81cbe08baae2,Jayesh Mehta,jayesh.mehta66@gmail.com,+917322329612,e48b01d5-4ee8-4284-971b-cf0a9d483249,27036764-62df-458f-b580-6e512cf5b9c7,payment_done,357.73,357.73,2024-04-12,cash,CASH-5327,false,,,,2024-04-20T18:30:00.000Z,system,2023-02-21T18:30:00.000Z,system
13925501-792f-45dc-b358-8d569c2e646b,Chirag Sheth,chirag.sheth6@gmail.com,+918247976542,e2b16b0f-f477-41e5-bc11-6f77c147b182,36770777-0a4d-45b0-89d4-6191567a75c5,payment_done,270.40,270.40,2023-04-29,upi,UPI-936879728716,false,,,,2023-02-16T18:30:00.000Z,system,2023-01-10T18:30:00.000Z,system
13925502-5670-4409-a146-4ff3933180c3,Dhara Doshi,dhara.doshi85@gmail.com,+919779696951,2153447c-15d1-44d1-98e5-dec863b2e9ee,3677078a-98cb-4d73-b193-55fc664d5131,payment_done,457.81,457.81,2024-09-28,cash,CASH-2522,false,,,,2024-01-17T18:30:00.000Z,system,2023-12-17T18:30:00.000Z,system
13925503-aaea-49d0-aa05-27c49f33fd50,Mukesh Sanghvi,mukesh.sanghvi52@gmail.com,+918719061621,9dcc8948-9ee9-4722-a708-334441dc3567,27036764-62df-458f-b580-6e512cf5b9c7,cancelled,254.29,,,,,false,,,Moved to different city,2024-03-07T18:30:00.000Z,system,2024-10-26T18:30:00.000Z,system
13925504-284b-48d0-a08f-68197f27d13e,Jhanvi Chordia,jhanvi.chordia22@gmail.com,+917485574228,ac59c299-25ec-418b-ae1c-9816c37a1e46,36770777-0a4d-45b0-89d4-6191567a75c5,rejected,123.46,,,,,false,,,Not meeting age criteria,2023-04-17T18:30:00.000Z,system,2024-03-02T18:30:00.000Z,system
13925505-51b9-4dfd-8b55-a506e1fa2bb9,Meera Kapadia,meera.kapadia62@gmail.com,+919443593434,b29822c6-bd91-4be9-881b-298e5534f036,3677078a-98cb-4d73-b193-55fc664d5131,approved,251.90,251.90,2024-01-03,bank_transfer,CASH-1472,true,11905383-b787-4e90-b973-ba9217cb55e5,11216095-7a0b-4377-94ec-6cb39f53609b,,2024-12-01T18:30:00.000Z,system,2023-05-14T18:30:00.000Z,system
13925506-a8be-4f56-891c-9d94d7c4184e,Nirav Bhandari,nirav.bhandari15@gmail.com,+918766452453,400834c3-90ca-4bea-abec-7d2efb2b7e54,27036764-62df-458f-b580-6e512cf5b9c7,payment_done,361.99,361.99,2023-01-13,bank_transfer,CASH-9598,false,,,,2024-08-13T18:30:00.000Z,system,2024-08-01T18:30:00.000Z,system
13925507-dff3-4fa5-a6e9-f66064ae4585,Rajesh Soni,rajesh.soni44@gmail.com,+919229516148,0080c5a7-d919-443e-9279-b973611d3330,36770777-0a4d-45b0-89d4-6191567a75c5,approved,138.10,138.10,2024-11-08,bank_transfer,CASH-5072,true,11905383-b787-4e90-b973-ba9217cb55e5,11216097-47a1-462e-a4a7-a6ffd3da74b3,,2024-05-08T18:30:00.000Z,system,2023-12-21T18:30:00.000Z,system
13925508-caec-4b0d-a0a4-d753dd317ed5,Pooja Soni,pooja.soni83@gmail.com,+918653032484,f1653b0f-549d-474c-9807-2e86f2d4739d,3677078a-98cb-4d73-b193-55fc664d5131,cancelled,323.34,,,,,false,,,Changed mind,2023-02-25T18:30:00.000Z,system,2023-01-12T18:30:00.000Z,system
13925509-df5e-42a5-8457-64057a71d306,Neha Sheth,neha.sheth65@gmail.com,+919015580633,623da74c-c55a-4318-b6ca-f42f0274f8a6,27036764-62df-458f-b580-6e512cf5b9c7,submitted,400.57,,,,,false,,,,2023-11-25T18:30:00.000Z,system,2023-09-04T18:30:00.000Z,system
13925510-2882-4efe-9984-7b86d219ea15,Bhavesh Parekh,bhavesh.parekh7@gmail.com,+919177244907,278ec9be-8d2a-49c7-a4f4-6f537a810980,36770777-0a4d-45b0-89d4-6191567a75c5,rejected,251.46,,,,,false,,,Not meeting age criteria,2023-03-22T18:30:00.000Z,system,2024-04-15T18:30:00.000Z,system
13925511-911a-41ec-bf9f-e4f2d783be25,Manish Chordia,manish.chordia74@gmail.com,+918924568778,e57ad31c-4edc-4cf9-b212-5b8d811a0787,3677078a-98cb-4d73-b193-55fc664d5131,under_review,278.83,278.83,2023-05-02,cash,CASH-1291,true,11905383-b787-4e90-b973-ba9217cb55e5,,,2023-04-16T18:30:00.000Z,system,2024-02-18T18:30:00.000Z,system
13925512-ea15-4be5-905e-814be3d20c5e,Jigar Jain,jigar.jain72@gmail.com,+919358361363,71a3039c-7d31-4071-bf8c-7fc89fe4891f,27036764-62df-458f-b580-6e512cf5b9c7,submitted,416.71,,,,,false,,,,2024-09-25T18:30:00.000Z,system,2024-10-14T18:30:00.000Z,system
13925513-5887-4cf1-b182-790f2c70486e,Amit Chheda,amit.chheda72@gmail.com,+917888419332,16453c9d-6f6d-4557-a722-eea984d0c63a,36770777-0a4d-45b0-89d4-6191567a75c5,payment_done,245.34,245.34,2023-02-25,upi,UPI-601842522128,false,,,,2023-12-06T18:30:00.000Z,system,2024-07-27T18:30:00.000Z,system
13925514-b359-4ff6-9e00-49f0c09eda3a,Swati Shroff,swati.shroff77@gmail.com,+919032093686,366c1e60-cf50-4819-9fb5-8755a0ee436b,3677078a-98cb-4d73-b193-55fc664d5131,rejected,281.01,,,,,false,,,Incomplete documents,2024-11-05T18:30:00.000Z,system,2023-08-16T18:30:00.000Z,system
13925515-d62f-452f-b747-eecd8d8a3cd8,Hitesh Gandhi,hitesh.gandhi46@gmail.com,+919721554031,6d6045a8-1ccd-4972-bd26-e407c0ca18cd,27036764-62df-458f-b580-6e512cf5b9c7,approved,308.79,308.79,2024-12-19,upi,UPI-641870921225,true,11905383-b787-4e90-b973-ba9217cb55e5,11216105-7f2c-4935-b934-6801db93bccf,,2023-05-24T18:30:00.000Z,system,2024-02-24T18:30:00.000Z,system
13925516-fc75-4184-8fbd-f4a8191cd264,Chirag Parekh,chirag.parekh79@gmail.com,+917841476312,6e15d759-d6fa-4743-a917-db4d8bf222a8,36770777-0a4d-45b0-89d4-6191567a75c5,cancelled,257.16,,,,,false,,,Moved to different city,2023-07-15T18:30:00.000Z,system,2023-12-13T18:30:00.000Z,system
13925517-3599-4847-8136-737f9c6da7b6,Chirag Bagadia,chirag.bagadia54@gmail.com,+917199717518,90a1aad8-1737-4d43-bf1b-567b1e384b9c,3677078a-98cb-4d73-b193-55fc664d5131,rejected,335.52,,,,,false,,,Pending verification,2024-04-13T18:30:00.000Z,system,2024-11-05T18:30:00.000Z,system
13925518-1d1e-4546-9bc6-86f54fff923d,Yash Chheda,yash.chheda18@gmail.com,+919142452709,690f9b42-fcee-4632-9199-a009f2845fcb,27036764-62df-458f-b580-6e512cf5b9c7,rejected,119.43,,,,,false,,,Pending verification,2024-08-22T18:30:00.000Z,system,2024-05-09T18:30:00.000Z,system
13925519-ca2f-499a-88d8-77da6564ea24,Nisha Chheda,nisha.chheda23@gmail.com,+919971334438,d4acac79-8a5b-4c21-a947-970f17c5b413,36770777-0a4d-45b0-89d4-6191567a75c5,cancelled,151.35,,,,,false,,,Moved to different city,2024-11-04T18:30:00.000Z,system,2024-09-06T18:30:00.000Z,system
13925520-3498-4563-829b-9e8090d36206,Harsh Gandhi,harsh.gandhi65@gmail.com,+918652113468,ef0e6e4b-a70d-4fe0-bd3c-905e4cbc8db8,3677078a-98cb-4d73-b193-55fc664d5131,rejected,404.95,,,,,false,,,Duplicate request,2024-02-12T18:30:00.000Z,system,2023-12-18T18:30:00.000Z,system
13925521-cd68-4738-acf9-192d185400e1,Vivek Lodha,vivek.lodha18@gmail.com,+917593478613,c0a8a0f7-4ade-4037-b626-6624f9a2234d,27036764-62df-458f-b580-6e512cf5b9c7,payment_done,437.23,437.23,2024-07-14,cash,CASH-4560,false,,,,2023-07-25T18:30:00.000Z,system,2023-08-03T18:30:00.000Z,system
13925522-ef20-4fde-9310-240b8382628e,Mihir Turakhia,mihir.turakhia38@gmail.com,+919948973070,43b05f83-d4cb-460a-9c9b-924399ab4094,36770777-0a4d-45b0-89d4-6191567a75c5,payment_pending,492.53,,,,,false,,,,2024-10-27T18:30:00.000Z,system,2023-07-02T18:30:00.000Z,system
13925523-9c9d-4f62-ab51-950802f98dbc,Ravi Jhaveri,ravi.jhaveri89@gmail.com,+919735367768,d7d9a3b5-ce4c-41f0-8e93-2a6f46e68586,3677078a-98cb-4d73-b193-55fc664d5131,cancelled,240.90,,,,,false,,,Moved to different city,2024-08-19T18:30:00.000Z,system,2024-08-07T18:30:00.000Z,system
13925524-a328-42b3-a49e-06bd03abf004,Pooja Turakhia,pooja.turakhia54@gmail.com,+919895853722,c02339a4-0ab4-44f1-9efd-71ede909a2fc,27036764-62df-458f-b580-6e512cf5b9c7,payment_done,450.99,450.99,2024-03-08,upi,UPI-218209225199,false,,,,2023-01-26T18:30:00.000Z,system,2024-01-26T18:30:00.000Z,system
13925525-7e06-40b8-8f53-b86575e51550,Jayesh Jain,jayesh.jain86@gmail.com,+917243115672,6ee7cad6-108f-4618-8792-fdd94fea124e,36770777-0a4d-45b0-89d4-6191567a75c5,cancelled,414.21,,,,,false,,,Moved to different city,2024-11-30T18:30:00.000Z,system,2023-09-14T18:30:00.000Z,system
13925526-4d5a-49f6-a43c-49500ab11c10,Jayesh Jain,jayesh.jain89@gmail.com,+918267619081,37ee3fa9-4b34-421b-88c5-0a54b1759939,3677078a-98cb-4d73-b193-55fc664d5131,approved,112.92,112.92,2024-04-08,upi,UPI-914650181060,true,11905383-b787-4e90-b973-ba9217cb55e5,11216116-8bfd-44ba-b94b-5021a0f43f73,,2024-07-29T18:30:00.000Z,system,2023-08-18T18:30:00.000Z,system
13925527-d5a3-4345-92f0-09bb6bf9fa47,Payal Oswal,payal.oswal72@gmail.com,+918670255496,3250f8a1-113a-4290-8ae4-19dc38c6e2b2,27036764-62df-458f-b580-6e512cf5b9c7,cancelled,418.73,,,,,false,,,Changed mind,2023-10-22T18:30:00.000Z,system,2024-12-10T18:30:00.000Z,system
13925528-95f5-4c7d-be82-755ffbf92f6a,Pooja Jain,pooja.jain49@gmail.com,+918664534549,27645326-45d7-4bd7-819c-821fb6a6dd60,36770777-0a4d-45b0-89d4-6191567a75c5,rejected,225.06,,,,,false,,,Incomplete documents,2023-01-14T18:30:00.000Z,system,2023-09-15T18:30:00.000Z,system
13925529-1017-45d8-a8e0-21834cc351e7,Nishant Shroff,nishant.shroff57@gmail.com,+917968723414,49de6a52-2e79-402e-b3a3-a37253e3c7c0,3677078a-98cb-4d73-b193-55fc664d5131,rejected,359.05,,,,,false,,,Not meeting age criteria,2023-07-18T18:30:00.000Z,system,2023-10-29T18:30:00.000Z,system
13925530-a378-4510-bced-4a8b9876db79,Manish Sheth,manish.sheth88@gmail.com,+917319841893,d4f75262-d3ad-4f34-8525-2421fc768bd0,27036764-62df-458f-b580-6e512cf5b9c7,payment_pending,394.03,,,,,false,,,,2023-05-03T18:30:00.000Z,system,2024-01-22T18:30:00.000Z,system
13925531-d794-40ae-9b73-600721b3d809,Mahesh Nahar,mahesh.nahar36@gmail.com,+919390572890,3760340b-18d3-42d4-b98c-93a93c77ef9b,36770777-0a4d-45b0-89d4-6191567a75c5,payment_pending,333.59,,,,,false,,,,2023-09-19T18:30:00.000Z,system,2023-01-06T18:30:00.000Z,system
13925532-80c0-45ba-ad38-2d8c9d1c8844,Bhavesh Lodha,bhavesh.lodha91@gmail.com,+917664885408,1757fa5c-df55-4f2a-8199-37af7d17e8da,3677078a-98cb-4d73-b193-55fc664d5131,payment_done,338.75,338.75,2024-10-02,bank_transfer,CASH-5934,false,,,,2024-05-17T18:30:00.000Z,system,2024-08-09T18:30:00.000Z,system
13925533-196d-48a4-bf22-2f8f2649a589,Tejas Dalal,tejas.dalal10@gmail.com,+918365194028,b4240ec4-9028-40c2-ae0a-a28dd5033d91,27036764-62df-458f-b580-6e512cf5b9c7,approved,127.27,127.27,2024-06-01,upi,UPI-698786865217,true,11905383-b787-4e90-b973-ba9217cb55e5,11216123-c31d-4329-8800-6ec5b9edb25c,,2024-07-03T18:30:00.000Z,system,2024-02-18T18:30:00.000Z,system
13925534-c604-4bd3-a581-62a88bc7201b,Ketan Dalal,ketan.dalal29@gmail.com,+917916347640,626e7b58-2670-4b44-82db-ea9af09b3f42,36770777-0a4d-45b0-89d4-6191567a75c5,payment_done,217.43,217.43,2024-09-25,bank_transfer,CASH-8780,false,,,,2024-07-28T18:30:00.000Z,system,2024-10-26T18:30:00.000Z,system
13925535-70d1-4dca-8cb8-4e57b737e6a6,Hitesh Sanghvi,hitesh.sanghvi86@gmail.com,+918486090002,2b0721ab-4de8-4af7-9f98-ea2067a42b0c,3677078a-98cb-4d73-b193-55fc664d5131,rejected,345.48,,,,,false,,,Not meeting age criteria,2023-02-10T18:30:00.000Z,system,2024-11-29T18:30:00.000Z,system
13925536-7a94-4526-8e89-a840dbc3765c,Jhanvi Gandhi,jhanvi.gandhi49@gmail.com,+917486937758,36b02f02-e5be-4a69-aaf1-6bd4804e0c4e,27036764-62df-458f-b580-6e512cf5b9c7,rejected,213.13,,,,,false,,,Duplicate request,2024-06-10T18:30:00.000Z,system,2024-06-04T18:30:00.000Z,system
13925537-b9d1-47d5-922b-b9a205e3fb6d,Manish Bhandari,manish.bhandari6@gmail.com,+918273174184,79f4a9df-3c3d-4f12-bb8e-4deb848aae07,36770777-0a4d-45b0-89d4-6191567a75c5,payment_done,305.56,305.56,2023-04-09,upi,UPI-691731897295,false,,,,2024-06-30T18:30:00.000Z,system,2023-01-08T18:30:00.000Z,system
13925538-74f4-4332-b5ca-1c022233cb2c,Priya Mehta,priya.mehta27@gmail.com,+919879067453,2b6170cd-42f3-4335-9622-b06ac4b67368,3677078a-98cb-4d73-b193-55fc664d5131,cancelled,374.16,,,,,false,,,Applicant withdrew request,2023-07-30T18:30:00.000Z,system,2024-07-04T18:30:00.000Z,system
13925539-706f-460e-99a9-114885753013,Chetna Turakhia,chetna.turakhia95@gmail.com,+918869331955,73a875dc-b1ef-45c2-8b4d-25226c236eb9,27036764-62df-458f-b580-6e512cf5b9c7,rejected,374.42,,,,,false,,,Incomplete documents,2024-04-15T18:30:00.000Z,system,2023-12-06T18:30:00.000Z,system
13925540-b4ae-481b-95bb-6af835057d87,Mahesh Mehta,mahesh.mehta10@gmail.com,+917233079614,fa637972-db09-4641-a58c-c3610c60c317,36770777-0a4d-45b0-89d4-6191567a75c5,payment_done,323.23,323.23,2024-08-11,upi,UPI-387380499077,false,,,,2024-02-22T18:30:00.000Z,system,2024-02-02T18:30:00.000Z,system
13925541-7294-4c99-97b4-e27f11c4ae60,Manish Oswal,manish.oswal52@gmail.com,+918859828364,4d83e8fa-98f1-48eb-b74c-7460a4740a6a,3677078a-98cb-4d73-b193-55fc664d5131,rejected,147.32,,,,,false,,,Incomplete documents,2024-10-18T18:30:00.000Z,system,2024-09-25T18:30:00.000Z,system
13925542-20da-4625-bd90-12735fa29d41,Nilesh Bagadia,nilesh.bagadia96@gmail.com,+919515167269,6e1de8cd-27b5-4bad-9a20-d596eb5d2f93,27036764-62df-458f-b580-6e512cf5b9c7,cancelled,129.04,,,,,false,,,Changed mind,2023-04-19T18:30:00.000Z,system,2023-10-24T18:30:00.000Z,system
13925543-4d18-422e-ae7b-1bd62faf79e0,Tanvi Soni,tanvi.soni39@gmail.com,+919605180473,ef9506d0-c8ec-4887-ac4a-e7928445f847,36770777-0a4d-45b0-89d4-6191567a75c5,cancelled,470.68,,,,,false,,,Moved to different city,2024-02-09T18:30:00.000Z,system,2024-11-07T18:30:00.000Z,system
13925544-57cf-4be8-8d01-e1beae061f09,Paresh Bhandari,paresh.bhandari21@gmail.com,+919291226621,6ba2d392-dd35-4e90-b08a-7cdb65d12e08,3677078a-98cb-4d73-b193-55fc664d5131,rejected,256.40,,,,,false,,,Duplicate request,2024-10-11T18:30:00.000Z,system,2023-05-28T18:30:00.000Z,system
13925545-8422-4eef-aadb-3b102b9c1b84,Amit Soni,amit.soni94@gmail.com,+919782883717,7eca7f8e-cb6b-41a3-9be9-5a0dd4ecc264,27036764-62df-458f-b580-6e512cf5b9c7,approved,449.91,449.91,2023-05-25,upi,UPI-104474381572,true,11905383-b787-4e90-b973-ba9217cb55e5,11216135-01cd-44e3-8632-1c82c911b60a,,2024-08-09T18:30:00.000Z,system,2024-09-02T18:30:00.000Z,system
13925546-51ed-46f5-896e-5607c9d9cc35,Hiten Jhaveri,hiten.jhaveri71@gmail.com,+917365617071,b52fa5c0-65e9-45f0-9d0d-f19aa25d8926,36770777-0a4d-45b0-89d4-6191567a75c5,rejected,461.42,,,,,false,,,Duplicate request,2023-08-05T18:30:00.000Z,system,2024-02-27T18:30:00.000Z,system
